asset_id,asset_category,asset_subtype,timestamp,operational_hours,engine_temp,hydraulic_pressure,vibration,outside_temp,environment_type,cycles_count,fuel_flow,brake_pressure,coolant_temp,oil_quality,battery_voltage,failure_flag,time_to_failure
Ar-Mai-009,ArmoredVehicle,MainBattleTank,8/5/2025,2442,74,2894,1.07,19,Arctic,128,195.6617566,3721.559404,60.5740511,86.03609097,26.09026221,0,9
Ar-Mai-010,ArmoredVehicle,MainBattleTank,11/25/2025,1393,77,2800,1.15,19,Desert,369,181.3779411,2526.778102,85.02930565,58.93259403,27.47576704,0,10
Ar-Mai-011,ArmoredVehicle,MainBattleTank,11/24/2025,2079,108,2703,0.73,38,Temperate,276,193.0249621,3844.868161,105.9246747,79.94722922,24.93163425,1,0
Ar-Mai-012,ArmoredVehicle,MainBattleTank,2/27/2025,3805,93,3399,1.98,41,HighAltitude,122,58.68877497,3756.019198,107.3474723,54.2826726,24.91594278,1,0
Ar-Mai-013,ArmoredVehicle,MainBattleTank,2/5/2025,3115,104,3284,0.69,32,Coastal,281,74.76904385,3055.347575,90.32969587,98.2181453,27.57348096,0,23
Ar-Mai-014,ArmoredVehicle,MainBattleTank,4/13/2025,2920,89,2908,1.99,31,HighAltitude,224,184.9421127,2902.972283,72.39528068,53.20129482,22.12620556,1,0
Ar-Mai-015,ArmoredVehicle,MainBattleTank,10/11/2025,942,107,2725,0.51,35,Desert,117,60.11004922,2062.825916,76.52142445,75.70780599,23.67086358,0,18
Ar-Mai-016,ArmoredVehicle,MainBattleTank,3/9/2025,2962,106,3090,1.21,40,Coastal,208,78.56148715,2193.861628,81.55255912,71.17893115,24.80214801,0,22
Ar-Mai-017,ArmoredVehicle,MainBattleTank,12/1/2025,2646,76,2562,1.1,11,Desert,127,78.73851082,3072.571508,67.00911485,59.17440179,24.77576841,0,3
Ar-Mai-018,ArmoredVehicle,MainBattleTank,8/15/2025,3309,105,2600,0.58,24,Desert,47,188.9550475,3697.391469,68.31555553,74.28205627,23.2824838,0,2
Ar-Mai-019,ArmoredVehicle,MainBattleTank,3/26/2025,1552,70,2899,0.9,40,Coastal,146,113.4511229,3914.635282,109.7711345,77.78841617,26.31044965,1,0
Ar-Mai-020,ArmoredVehicle,MainBattleTank,3/21/2025,777,88,2722,1.95,27,Arctic,31,162.1963341,2114.330546,89.20887972,75.14251915,27.11631935,1,0
Ar-Mai-021,ArmoredVehicle,MainBattleTank,3/22/2025,232,102,2582,1.78,-6,Arctic,34,151.281883,2470.40779,65.9943307,94.51436571,23.47729209,0,20
Ar-Mai-022,ArmoredVehicle,MainBattleTank,2/11/2025,1717,112,3097,1.35,10,HighAltitude,104,150.4588962,2628.367726,73.28072563,56.54391411,25.87300473,1,0
Ar-Mai-023,ArmoredVehicle,MainBattleTank,8/23/2025,1295,118,3458,0.61,19,Arctic,288,199.4144672,2146.521442,70.65771561,63.26002074,27.59955627,1,0
Ar-Mai-024,ArmoredVehicle,MainBattleTank,2/5/2025,3601,85,2878,0.93,18,Arctic,360,95.37757145,3967.706621,100.3549972,76.44703463,26.00717922,1,0
Ar-Mai-025,ArmoredVehicle,MainBattleTank,10/11/2025,1226,112,2606,1.91,-2,HighAltitude,59,183.4569061,3484.833368,67.77239549,64.08781357,23.26377793,1,0
Ar-Mai-026,ArmoredVehicle,MainBattleTank,6/25/2025,833,113,3149,1.78,22,Coastal,128,185.8004737,3692.207427,64.61492339,71.17878863,23.66008134,1,0
Ar-Mai-027,ArmoredVehicle,MainBattleTank,1/2/2025,1366,119,2633,1.46,6,Temperate,379,116.2753268,3411.334894,88.04534324,55.59369403,27.67030563,1,0
Ar-Mai-028,ArmoredVehicle,MainBattleTank,12/20/2025,3702,79,3058,0.55,13,Arctic,282,72.21406784,2254.891039,75.4129175,94.94907444,26.77673383,0,29
Ar-Mai-029,ArmoredVehicle,MainBattleTank,7/3/2025,860,113,2755,1.5,12,Arctic,208,196.0755534,3498.955222,106.2881911,61.83686661,22.9750106,1,0
Ar-Mai-030,ArmoredVehicle,MainBattleTank,4/1/2025,3610,96,2525,0.77,11,Coastal,342,179.6096043,3621.498633,73.34028548,89.36872546,22.64857376,0,28
Ar-Mai-031,ArmoredVehicle,MainBattleTank,8/29/2025,911,82,3336,1.88,12,HighAltitude,116,83.43853208,3320.066365,79.92329893,63.93015305,22.41652453,1,0
Ar-Mai-032,ArmoredVehicle,MainBattleTank,5/23/2025,1438,111,3021,1.1,43,Arctic,169,190.885571,2230.683504,108.5200306,58.92839081,27.77520589,1,0
Ar-Mai-033,ArmoredVehicle,MainBattleTank,5/16/2025,156,76,3110,1.15,36,HighAltitude,223,140.931328,3022.846119,79.25977167,78.82940217,23.52833504,0,1
Ar-Mai-034,ArmoredVehicle,MainBattleTank,9/24/2025,3791,104,3203,1.58,37,Temperate,186,114.6946099,3897.748972,106.0385428,81.1577705,25.98032486,1,0
Ar-Mai-035,ArmoredVehicle,MainBattleTank,3/5/2025,2948,89,3019,0.96,16,HighAltitude,206,154.5812621,3108.824955,69.59200465,83.24647171,24.27487166,0,6
Ar-Mai-036,ArmoredVehicle,MainBattleTank,11/12/2025,2331,89,2915,1.32,-10,HighAltitude,146,81.52740273,3571.517655,90.33307852,66.11246149,24.6507161,0,17
Ar-Mai-037,ArmoredVehicle,MainBattleTank,8/31/2025,3251,120,3253,0.75,-5,HighAltitude,263,149.5780754,3238.521611,64.66936,97.59998312,23.40921159,1,0
Ar-Mai-038,ArmoredVehicle,MainBattleTank,6/8/2025,920,82,2650,0.54,5,Coastal,312,177.4606542,2145.656458,80.72205055,81.48826904,23.16661142,0,16
Ar-Mai-039,ArmoredVehicle,MainBattleTank,7/24/2025,999,79,3171,1.53,38,Desert,398,113.7719291,2351.773363,107.8983021,75.89788752,22.30131031,1,0
Ar-Mai-040,ArmoredVehicle,MainBattleTank,5/8/2025,3757,77,2967,0.7,19,Arctic,286,139.3178478,3900.079217,104.5712963,80.63261614,26.31564377,1,0
Ar-Mai-041,ArmoredVehicle,MainBattleTank,9/16/2025,1747,105,2956,1.85,37,Coastal,230,88.87873227,2494.479475,91.88307184,88.29068421,25.12779888,1,0
Ar-Mai-042,ArmoredVehicle,MainBattleTank,11/17/2025,979,87,2950,0.62,8,Temperate,139,100.3771305,3786.053666,64.02888288,57.5415329,24.29821175,0,7
Ar-Mai-043,ArmoredVehicle,MainBattleTank,2/2/2025,1699,96,2838,1.31,16,Desert,105,174.9336754,2778.953625,98.48978862,97.30310168,22.11719174,0,19
Ar-Mai-044,ArmoredVehicle,MainBattleTank,7/14/2025,1953,70,3465,1.03,38,Coastal,214,130.7330851,3469.268122,99.99340855,94.89056737,24.92937687,0,16
Ar-Mai-045,ArmoredVehicle,MainBattleTank,1/15/2025,1592,91,3184,1.52,15,Temperate,239,187.9312431,3961.443955,86.70618148,95.34644313,25.55135665,0,3
Ar-Mai-046,ArmoredVehicle,MainBattleTank,11/26/2025,1755,78,3387,1.19,-7,HighAltitude,194,99.10290004,2909.39865,76.8750274,93.9819993,23.66953969,0,14
Ar-Mai-047,ArmoredVehicle,MainBattleTank,5/10/2025,3419,75,2981,0.53,24,Desert,179,83.63332486,2137.236741,107.8642801,52.01290688,22.18617999,1,0
Ar-Mai-048,ArmoredVehicle,MainBattleTank,5/7/2025,816,71,3136,0.73,-2,Coastal,342,67.15841692,3895.514044,83.25169917,62.81218483,24.21337105,0,24
Ar-Mai-049,ArmoredVehicle,MainBattleTank,2/28/2025,3185,80,3487,0.97,27,Desert,159,136.3695093,3816.052302,78.76534797,97.07352993,23.18997866,0,27
Ar-Mai-050,ArmoredVehicle,MainBattleTank,11/18/2025,994,76,3213,1.66,44,Arctic,61,169.4340825,3131.865111,62.05345651,76.63726227,25.96912804,1,0
Ar-Mai-051,ArmoredVehicle,MainBattleTank,11/28/2025,1397,70,3369,1.13,21,Desert,221,194.1181351,3271.170212,101.4353656,85.36543219,24.61292287,1,0
Ar-Mai-052,ArmoredVehicle,MainBattleTank,9/25/2025,3954,111,2776,1.42,24,Coastal,238,115.336174,3462.052429,73.4197769,92.585658,26.98438611,1,0
Ar-Mai-053,ArmoredVehicle,MainBattleTank,2/14/2025,1142,98,2749,1.63,26,Arctic,342,106.8483956,2057.399996,102.5476418,59.09199286,23.2727191,1,0
Ar-Mai-054,ArmoredVehicle,MainBattleTank,5/13/2025,1394,87,3401,1.39,7,Arctic,5,127.4940878,2382.112847,72.06780252,70.32140623,25.33105727,0,16
Ar-Mai-055,ArmoredVehicle,MainBattleTank,11/27/2025,2915,101,2958,1.69,-5,HighAltitude,113,110.6601693,2486.610328,93.19800108,68.45102253,25.32083773,0,24
Ar-Mai-056,ArmoredVehicle,MainBattleTank,10/9/2025,1354,92,3219,1.18,9,HighAltitude,118,68.09838271,2385.168587,65.97773706,76.79319827,26.57313766,0,7
Ar-Mai-057,ArmoredVehicle,MainBattleTank,9/5/2025,1132,116,3103,1.96,23,Arctic,144,197.0765946,3665.256727,74.81232316,68.04405346,23.81360553,1,0
Ar-Mai-058,ArmoredVehicle,MainBattleTank,12/29/2025,2187,78,2780,0.57,-7,Arctic,149,154.6126089,2252.558986,103.4230599,74.54393473,27.23631841,1,0
Ar-Mai-059,ArmoredVehicle,MainBattleTank,10/21/2025,1164,100,2990,1.16,1,Desert,129,191.1595395,2955.458375,101.1057823,70.03537211,22.44449302,1,0
Ar-Mai-060,ArmoredVehicle,MainBattleTank,11/19/2025,2811,73,2655,0.72,26,HighAltitude,43,199.0877184,2236.903124,98.22217227,80.31588256,26.74444498,0,17
Ar-Mai-061,ArmoredVehicle,MainBattleTank,7/14/2025,1845,98,2804,1.79,17,HighAltitude,291,143.1540982,3219.261824,97.00446527,97.37951002,23.24672743,0,22
Ar-Inf-000,ArmoredVehicle,InfantryFightingVehicle,2/11/2025,643,85,2677,1.33,0,Desert,209,117.5755557,3187.62239,74.56296445,61.57381173,26.24173498,0,15
Ar-Inf-001,ArmoredVehicle,InfantryFightingVehicle,2/6/2025,2815,84,3446,0.9,40,Arctic,338,170.585852,2395.638428,65.73881512,61.24047251,22.89393641,0,5
Ar-Inf-002,ArmoredVehicle,InfantryFightingVehicle,2/6/2025,244,80,3311,0.96,37,Arctic,147,115.8730173,2937.395941,75.20455953,70.12542596,23.63347716,0,15
Ar-Inf-003,ArmoredVehicle,InfantryFightingVehicle,2/11/2025,2449,72,3410,1.15,10,Arctic,128,53.87973386,2457.848831,93.71491836,93.02584364,25.52273759,1,0
Ar-Inf-007,ArmoredVehicle,InfantryFightingVehicle,9/23/2025,1481,109,3274,1.25,18,Desert,104,90.05843574,2262.026458,74.40145725,94.04233087,24.90827078,1,0
Ar-Inf-008,ArmoredVehicle,InfantryFightingVehicle,11/19/2025,2493,85,3226,0.74,25,Desert,282,111.1986031,2449.401319,102.0702841,55.6730559,27.68236445,1,0
Ar-Inf-009,ArmoredVehicle,InfantryFightingVehicle,11/28/2025,3408,79,3010,1.9,8,Arctic,361,91.01373451,3669.447891,109.0122316,62.1865453,25.30759046,1,0
Ar-Inf-010,ArmoredVehicle,InfantryFightingVehicle,7/16/2025,780,108,3020,1.62,-2,Desert,141,165.9012699,3708.82476,76.99376216,89.38587029,23.60303598,1,0
Ar-Inf-011,ArmoredVehicle,InfantryFightingVehicle,6/2/2025,3430,107,3093,2,21,Temperate,228,130.7870867,2690.247883,87.59587085,77.17150315,24.7320677,1,0
Ar-Inf-012,ArmoredVehicle,InfantryFightingVehicle,6/14/2025,3561,82,3214,0.86,14,Temperate,397,111.6162643,2636.352654,83.64881251,95.67150839,24.28738688,0,26
Ar-Inf-013,ArmoredVehicle,InfantryFightingVehicle,11/30/2025,623,101,3487,0.56,22,Arctic,169,180.455047,3748.380748,82.01531049,76.29755434,24.74156845,0,14
Ar-Inf-014,ArmoredVehicle,InfantryFightingVehicle,12/2/2025,3972,79,2576,1.2,6,HighAltitude,319,153.9056898,3299.673305,102.5882646,92.61706683,27.15605311,1,0
Ar-Inf-015,ArmoredVehicle,InfantryFightingVehicle,7/14/2025,3908,90,3141,1.58,38,Coastal,277,55.38486498,2136.841494,91.55805084,96.04645494,27.98455554,0,14
Ar-Inf-016,ArmoredVehicle,InfantryFightingVehicle,2/20/2025,3114,110,3220,1.81,18,Temperate,355,94.91991204,2057.894499,76.21873334,52.80596141,24.15078005,1,0
Ar-Inf-017,ArmoredVehicle,InfantryFightingVehicle,8/9/2025,596,85,3043,1.12,33,Temperate,87,76.26040326,3218.983574,79.12721493,84.156729,24.98600351,0,8
Ar-Inf-018,ArmoredVehicle,InfantryFightingVehicle,8/25/2025,2612,86,2970,0.88,-10,Coastal,147,151.6416329,2315.951244,82.08648918,67.27828122,25.52543023,0,14
Ar-Inf-019,ArmoredVehicle,InfantryFightingVehicle,12/20/2025,1024,99,3365,0.95,14,Coastal,54,85.58085529,3143.845385,88.74059651,99.63460218,23.77138452,0,22
Ar-Inf-020,ArmoredVehicle,InfantryFightingVehicle,7/22/2025,1124,70,3079,1.8,39,Desert,310,161.7758231,3665.677799,105.1467459,88.78704898,23.38071035,1,0
Ar-Inf-021,ArmoredVehicle,InfantryFightingVehicle,6/30/2025,897,110,2694,1.43,33,Temperate,321,64.57458947,3254.916216,61.9711287,89.4305242,22.20018719,0,5
Ar-Inf-022,ArmoredVehicle,InfantryFightingVehicle,2/16/2025,3725,88,2834,1.62,1,Temperate,67,167.9769217,3752.921193,78.29287653,75.08973811,23.6351641,0,30
Ar-Inf-023,ArmoredVehicle,InfantryFightingVehicle,9/4/2025,3962,88,3264,1.81,41,Desert,239,194.4339939,2281.51403,108.3250105,93.00702984,26.34530027,1,0
Ar-Inf-024,ArmoredVehicle,InfantryFightingVehicle,7/23/2025,3961,105,2874,0.64,15,Desert,135,130.4858462,2909.572055,93.64141909,83.61703987,25.50736055,0,12
Ar-Inf-025,ArmoredVehicle,InfantryFightingVehicle,2/25/2025,2764,84,2982,0.54,25,HighAltitude,312,83.20508001,2126.434082,101.1927676,95.46938192,23.81314105,1,0
Ar-Inf-026,ArmoredVehicle,InfantryFightingVehicle,7/29/2025,477,78,2546,1.92,9,Coastal,59,64.57879979,3774.518617,66.78320244,72.68218784,26.02291731,1,0
Ar-Inf-027,ArmoredVehicle,InfantryFightingVehicle,12/23/2025,3874,104,2929,1.38,36,Temperate,212,148.2382846,3667.386167,90.7826107,96.95265329,23.67844084,0,7
Ar-Inf-028,ArmoredVehicle,InfantryFightingVehicle,8/16/2025,1821,85,3375,1.04,33,HighAltitude,278,185.2544319,3289.65362,63.02750446,63.79407204,27.80924126,0,27
Ar-Inf-029,ArmoredVehicle,InfantryFightingVehicle,8/21/2025,375,112,2717,1.46,28,Desert,25,168.0191886,2487.137794,66.29619427,78.2288988,22.41166092,1,0
Ar-Inf-030,ArmoredVehicle,InfantryFightingVehicle,10/11/2025,848,107,2721,1.72,4,HighAltitude,396,72.13312699,3801.062071,60.14177757,92.92030632,22.86812788,1,0
Ar-Inf-031,ArmoredVehicle,InfantryFightingVehicle,5/9/2025,3270,81,2612,1.49,-9,Temperate,7,103.7363419,3576.863069,89.4426461,50.78905418,23.59220505,1,0
Ar-Inf-032,ArmoredVehicle,InfantryFightingVehicle,8/4/2025,2154,77,3263,0.6,18,HighAltitude,262,139.0499027,2904.01084,71.07748782,80.75534181,26.36345798,0,22
Ar-Inf-033,ArmoredVehicle,InfantryFightingVehicle,9/24/2025,1235,99,3158,1.95,-7,Coastal,205,113.9410429,2215.923659,95.62006574,72.17811647,27.39560059,1,0
Ar-Inf-034,ArmoredVehicle,InfantryFightingVehicle,6/14/2025,2491,79,2567,0.69,29,Arctic,280,156.8229195,2761.808798,89.86959276,64.7448873,25.03330645,0,26
Ar-Inf-035,ArmoredVehicle,InfantryFightingVehicle,12/26/2025,468,111,3166,1.82,25,Temperate,220,117.7332374,2456.987149,76.94658094,72.67494515,24.4959379,1,0
Ar-Inf-036,ArmoredVehicle,InfantryFightingVehicle,2/18/2025,1280,97,2820,1.5,13,Temperate,351,188.4477554,2134.266616,101.5885944,54.66150509,22.5793866,1,0
Ar-Inf-037,ArmoredVehicle,InfantryFightingVehicle,7/10/2025,3325,78,3069,0.59,25,Arctic,168,150.5019897,2821.617266,103.6803686,97.05649344,24.53762113,1,0
Ar-Inf-038,ArmoredVehicle,InfantryFightingVehicle,1/27/2025,3966,88,3114,0.97,-4,Arctic,259,81.91082085,3313.472606,71.21224346,55.4109191,27.07224051,0,25
Ar-Inf-039,ArmoredVehicle,InfantryFightingVehicle,5/23/2025,2351,84,3326,1.14,25,Arctic,314,151.2465067,3113.47951,90.44974578,82.8915614,26.16082713,1,0
Ar-Inf-040,ArmoredVehicle,InfantryFightingVehicle,5/20/2025,2878,118,2816,1.88,12,Desert,92,180.479406,3132.64219,80.0392172,57.09373271,25.79903208,1,0
Ar-Inf-041,ArmoredVehicle,InfantryFightingVehicle,1/16/2025,375,117,3043,0.82,16,Coastal,174,73.61139138,2623.274739,76.2191446,97.0703712,25.57734263,1,0
Ar-Inf-042,ArmoredVehicle,InfantryFightingVehicle,1/27/2025,637,80,3272,1.43,33,Desert,139,116.4669461,2848.029546,90.35380037,70.70918689,23.29341379,0,12
Ar-Inf-043,ArmoredVehicle,InfantryFightingVehicle,8/9/2025,454,88,3194,1.52,21,Arctic,341,96.26290878,2441.036871,109.2222829,52.73909793,23.22653875,1,0
Ar-Inf-044,ArmoredVehicle,InfantryFightingVehicle,4/19/2025,3143,78,3282,0.88,10,Desert,3,124.6077993,2861.310023,66.45928509,76.62911739,23.3806643,0,22
Ar-Inf-045,ArmoredVehicle,InfantryFightingVehicle,7/1/2025,295,95,3382,1.61,17,Desert,235,188.1743652,3724.220027,88.78795804,78.66998404,26.25699377,0,4
Ar-Inf-046,ArmoredVehicle,InfantryFightingVehicle,7/27/2025,85,90,2675,1.7,29,Coastal,353,187.9654628,2176.259763,102.224218,62.16582374,25.53322773,1,0
Ar-Inf-047,ArmoredVehicle,InfantryFightingVehicle,9/26/2025,322,95,3391,0.97,11,Temperate,170,166.8676803,2152.758755,91.66123335,76.53024104,23.16342224,0,12
Ar-Inf-048,ArmoredVehicle,InfantryFightingVehicle,11/27/2025,3338,79,2741,0.65,6,Temperate,88,140.3598478,3520.430591,92.77545053,58.85730645,26.63708854,0,25
Ar-Inf-049,ArmoredVehicle,InfantryFightingVehicle,10/16/2025,3112,107,2959,1.52,26,Arctic,165,179.6370312,3254.434814,67.54787007,53.41431292,24.65324838,0,9
Ar-Inf-050,ArmoredVehicle,InfantryFightingVehicle,10/30/2025,230,92,3019,0.61,19,Coastal,19,58.53350763,3663.393263,63.83655006,93.2125017,27.13176023,0,17
Ar-Inf-051,ArmoredVehicle,InfantryFightingVehicle,7/16/2025,1895,107,3067,1.93,37,Desert,230,186.3574935,3143.313373,69.41197325,80.2502917,25.00820381,1,0
Ar-Inf-052,ArmoredVehicle,InfantryFightingVehicle,2/1/2025,1845,76,3330,1.85,11,Desert,258,146.9190637,2078.284252,95.38108522,99.54930113,25.14441132,1,0
Ar-Inf-053,ArmoredVehicle,InfantryFightingVehicle,11/9/2025,650,93,2881,1.88,14,Coastal,396,100.755072,3195.771725,99.46134658,82.36526785,22.39547113,1,0
Ar-Inf-054,ArmoredVehicle,InfantryFightingVehicle,2/18/2025,2285,113,2895,0.93,36,Arctic,76,100.0043054,3165.479029,67.07141903,67.49103938,27.80617905,1,0
Ar-Inf-055,ArmoredVehicle,InfantryFightingVehicle,12/24/2025,2712,95,2632,1.39,-5,HighAltitude,286,106.5018959,3583.323916,100.6592392,83.50582,26.97375384,1,0
Ar-Inf-056,ArmoredVehicle,InfantryFightingVehicle,12/17/2025,3737,103,2595,1.47,17,Arctic,185,52.73458067,2617.73214,107.5584657,67.08661726,26.59693725,1,0
Ar-Inf-057,ArmoredVehicle,InfantryFightingVehicle,4/9/2025,927,78,2658,0.62,44,Desert,259,165.6312081,3670.239653,104.1841083,51.88737462,24.02058623,1,0
Ar-Inf-058,ArmoredVehicle,InfantryFightingVehicle,11/13/2025,536,108,2885,0.73,1,Arctic,84,158.1774497,2087.384856,78.21497071,85.97928369,27.81753162,0,25
Ar-Inf-059,ArmoredVehicle,InfantryFightingVehicle,8/18/2025,958,104,2744,0.96,41,Coastal,99,105.1761437,3894.26034,109.2219897,73.08399892,23.6906304,1,0
Ar-Inf-060,ArmoredVehicle,InfantryFightingVehicle,7/15/2025,2059,103,2928,1.95,42,Temperate,309,70.75978019,2500.006423,92.05895181,93.70584725,25.32724447,1,0
Ar-Inf-061,ArmoredVehicle,InfantryFightingVehicle,2/22/2025,2913,103,3371,0.69,-5,Temperate,139,117.3978831,3026.705476,101.5523359,54.58567848,27.46302972,1,0
Ar-APC-015,ArmoredVehicle,APC,2/14/2025,3319,113,3490,1.77,10,HighAltitude,363,59.74086175,3084.342722,104.5665841,92.56810254,26.27085462,1,0
Ar-APC-016,ArmoredVehicle,APC,12/25/2025,2612,81,3312,1.04,4,Desert,102,168.809851,2473.472369,84.70109687,68.04482622,25.43366444,0,18
Ar-APC-017,ArmoredVehicle,APC,3/8/2025,2506,75,2567,0.96,35,Coastal,269,111.6192681,2818.867055,88.74502542,56.26633911,23.90216602,1,0
Ar-APC-018,ArmoredVehicle,APC,8/27/2025,2785,103,2852,0.69,43,Arctic,327,138.1678986,3535.563275,66.45164789,75.14318932,27.20926976,0,17
Ar-APC-019,ArmoredVehicle,APC,3/20/2025,1245,80,2665,0.98,35,Temperate,177,192.1224705,3037.795587,74.20241551,53.94299524,23.17781152,0,9
Ar-APC-020,ArmoredVehicle,APC,3/6/2025,2560,89,3129,1.3,22,Temperate,303,191.2410482,2308.388534,92.93664367,86.03163842,25.63083345,0,19
Ar-APC-021,ArmoredVehicle,APC,1/22/2025,3380,71,2583,0.57,31,Arctic,135,147.6694966,3533.918002,80.82933918,81.94955961,24.98822836,0,10
Ar-APC-022,ArmoredVehicle,APC,11/25/2025,3918,89,2994,0.87,41,Coastal,152,118.0316199,3377.227143,67.90402235,70.78108731,24.78665295,0,5
Ar-APC-023,ArmoredVehicle,APC,6/10/2025,3528,115,2826,1.6,45,HighAltitude,204,69.61492273,2741.080396,88.08256079,65.95579432,24.7988354,1,0
Ar-APC-024,ArmoredVehicle,APC,5/17/2025,1841,85,2644,0.65,8,Coastal,315,112.7202115,3925.371704,105.1155414,90.67389232,27.60250921,1,0
Ar-APC-025,ArmoredVehicle,APC,6/10/2025,777,118,2663,1.25,22,Coastal,255,181.8613495,2994.740546,64.50245475,69.66210921,24.74338385,1,0
Ar-APC-026,ArmoredVehicle,APC,5/4/2025,881,107,2861,0.57,8,Coastal,305,182.3509215,3308.520074,83.52934267,76.83453746,27.08303419,0,29
Ar-APC-027,ArmoredVehicle,APC,5/16/2025,2979,93,3282,1.1,-8,Coastal,26,135.5422466,2389.310604,87.66114633,53.67658749,25.02553317,0,9
Ar-APC-028,ArmoredVehicle,APC,11/16/2025,2786,109,2621,0.69,-4,Coastal,191,169.2345843,2678.1706,106.9474283,87.74825861,23.19434729,1,0
Ar-APC-029,ArmoredVehicle,APC,9/18/2025,1644,102,2541,0.57,-2,HighAltitude,242,127.8999065,2297.881329,104.6565846,56.98904929,27.58821241,1,0
Ar-APC-030,ArmoredVehicle,APC,6/13/2025,665,95,3131,1.61,9,Arctic,172,126.0972479,3019.428202,84.4923326,78.14621303,24.8493556,1,0
Ar-APC-031,ArmoredVehicle,APC,6/19/2025,2759,77,2926,1.38,40,Desert,305,121.1885321,3934.141392,99.14519957,88.80810126,25.46580638,0,19
Ar-APC-032,ArmoredVehicle,APC,9/3/2025,698,103,3144,1.58,39,Coastal,75,173.2491937,2484.39312,88.62851357,85.02604556,23.14470597,0,14
Ar-APC-033,ArmoredVehicle,APC,3/19/2025,1691,114,2708,1.12,39,Arctic,241,180.9226563,3471.674543,63.1140643,56.90412429,23.24405023,1,0
Ar-APC-034,ArmoredVehicle,APC,6/16/2025,2712,100,3038,1.07,1,Coastal,272,101.3490527,2708.573977,98.59948921,86.04622807,25.8598546,0,20
Ar-APC-035,ArmoredVehicle,APC,9/5/2025,787,85,2785,1.34,4,HighAltitude,394,93.35062061,2414.55559,95.24941299,65.85203725,24.09281905,0,26
Ar-APC-036,ArmoredVehicle,APC,5/21/2025,1178,77,3087,1.51,14,Coastal,176,193.1913295,3609.231668,74.5226326,64.38151708,26.28484772,0,15
Ar-APC-037,ArmoredVehicle,APC,12/2/2025,1050,117,2990,0.82,42,Arctic,138,189.9535901,3392.342601,66.86364774,80.78385172,25.52098299,1,0
Ar-APC-038,ArmoredVehicle,APC,5/5/2025,207,112,3426,1.3,30,Temperate,26,65.02969386,2660.587247,83.62019535,84.05959933,22.82480221,1,0
Ar-APC-039,ArmoredVehicle,APC,10/9/2025,3805,80,2916,1.48,20,Coastal,333,79.9183962,3927.828078,76.05838511,82.29489589,27.44762175,1,0
Ar-APC-040,ArmoredVehicle,APC,10/21/2025,951,104,3256,1.58,-8,Temperate,213,182.336746,2351.577415,105.9817406,99.85859015,24.38196745,1,0
Ar-APC-041,ArmoredVehicle,APC,9/11/2025,763,117,3485,1.81,8,Desert,4,94.7588316,3205.565931,106.4227423,66.75210568,24.72609447,1,0
Ar-APC-042,ArmoredVehicle,APC,11/25/2025,2225,103,3005,1.83,-2,Arctic,239,90.92556222,3617.627756,76.53420484,86.55596169,25.88971203,1,0
Ar-APC-043,ArmoredVehicle,APC,4/6/2025,57,117,2845,1.69,26,Temperate,89,141.6431749,3277.451588,80.27451874,71.38516252,23.96755995,1,0
Ar-APC-044,ArmoredVehicle,APC,7/25/2025,2741,76,2689,1.97,20,HighAltitude,127,51.02451808,2767.148781,82.33677609,63.34971635,23.97775182,1,0
Ar-APC-045,ArmoredVehicle,APC,10/26/2025,2960,106,2511,0.89,13,Temperate,31,150.1679172,2930.789982,67.98584126,84.30368099,27.53863608,0,25
Ar-APC-046,ArmoredVehicle,APC,6/9/2025,2827,77,3154,1.87,8,HighAltitude,314,83.127386,3914.721074,83.90909499,72.74893364,27.93302777,1,0
Ar-APC-047,ArmoredVehicle,APC,7/11/2025,1703,114,3062,1.87,38,Arctic,340,173.8405264,3523.71924,94.017096,79.79072328,26.72422414,1,0
Ar-APC-048,ArmoredVehicle,APC,9/27/2025,1829,103,3220,1.04,26,Desert,31,174.3161081,3805.77632,70.10783895,76.83300791,22.98722294,0,15
Ar-APC-049,ArmoredVehicle,APC,3/1/2025,2786,83,3234,1.37,-5,Arctic,228,171.3038125,2906.8646,85.66239216,72.83992379,22.34642069,0,26
Ar-APC-050,ArmoredVehicle,APC,6/7/2025,2962,71,2905,0.88,-10,Temperate,296,60.95442889,2847.39477,95.0192439,77.0581752,22.36153379,0,30
Ar-APC-051,ArmoredVehicle,APC,8/30/2025,129,88,2918,0.77,-2,Coastal,191,198.9284898,2764.959238,103.4810143,95.33836558,24.2538732,1,0
Ar-APC-052,ArmoredVehicle,APC,12/16/2025,3949,112,3395,1.31,31,HighAltitude,60,76.77104435,3074.516973,86.44212698,86.39290705,23.3361413,1,0
Ar-APC-053,ArmoredVehicle,APC,1/2/2025,3097,71,2805,1.19,36,Arctic,217,129.7900413,3646.720875,72.37560193,67.30798675,23.65389837,0,24
Ar-APC-054,ArmoredVehicle,APC,2/27/2025,131,112,2929,1.42,-9,Temperate,105,60.09363543,3187.888295,82.32205331,83.60118184,27.23327451,1,0
Ar-APC-055,ArmoredVehicle,APC,5/6/2025,3033,72,2911,1.16,24,Temperate,386,179.5595364,2112.88807,85.19479245,64.46317257,26.89471754,0,11
Ar-APC-056,ArmoredVehicle,APC,10/23/2025,2449,119,3188,1.73,5,HighAltitude,73,197.8543341,3042.502109,80.67801032,63.75769603,25.34030871,1,0
Ar-APC-057,ArmoredVehicle,APC,10/30/2025,3603,117,3433,0.76,33,Coastal,284,124.3431181,3944.580471,107.0793205,83.56712624,26.71482758,1,0
Ar-APC-058,ArmoredVehicle,APC,6/13/2025,2852,96,2918,0.72,14,Temperate,386,130.6892397,2481.936378,71.26722742,92.87706193,22.86611049,0,2
Ar-APC-059,ArmoredVehicle,APC,10/15/2025,1690,96,3070,1.29,14,Temperate,130,80.50050996,3293.411703,106.1113052,92.3566693,22.55478398,1,0
Ar-APC-060,ArmoredVehicle,APC,4/8/2025,211,87,2886,1.51,28,Desert,37,78.22449409,3523.392835,96.21526199,77.94252381,24.87636524,0,11
Ar-APC-061,ArmoredVehicle,APC,6/5/2025,3919,70,2716,1.91,37,Desert,382,199.9358011,2957.841753,72.12965909,80.2200767,23.22707886,1,0
Ar-Sel-004,ArmoredVehicle,SelfPropelledHowitzer,2/8/2025,3871,112,2549,1.65,16,Temperate,322,84.71500881,3414.339127,60.45707308,75.28664598,24.23920416,1,0
Ar-Sel-005,ArmoredVehicle,SelfPropelledHowitzer,11/13/2025,2612,112,3456,1.42,20,Coastal,8,50.99185355,3103.287122,60.59254841,76.47088234,23.64844442,1,0
Ar-Sel-006,ArmoredVehicle,SelfPropelledHowitzer,5/27/2025,70,102,3332,1.55,17,Temperate,54,187.7073267,3048.770802,72.04844162,80.98904212,23.51450918,0,26
Ar-Sel-007,ArmoredVehicle,SelfPropelledHowitzer,7/23/2025,323,93,3482,1.11,26,Temperate,356,83.87858789,3368.083251,102.3933551,82.68678598,27.14931495,1,0
Ar-Sel-008,ArmoredVehicle,SelfPropelledHowitzer,1/17/2025,382,95,2888,1.07,20,Desert,326,51.4175259,2342.76715,84.99291966,71.6954826,26.70625786,0,28
Ar-Sel-009,ArmoredVehicle,SelfPropelledHowitzer,2/18/2025,3665,103,3441,0.56,3,Arctic,243,90.66425791,3848.318533,94.22143717,64.01865069,25.25818419,0,6
Ar-Sel-010,ArmoredVehicle,SelfPropelledHowitzer,6/11/2025,64,83,3101,0.72,42,Coastal,39,94.89153344,3127.916399,88.33479599,92.47212126,26.0622098,0,13
Ar-Sel-011,ArmoredVehicle,SelfPropelledHowitzer,3/13/2025,3237,114,3241,0.62,37,HighAltitude,27,64.6528681,2464.288009,63.80091233,80.25843716,25.6831914,1,0
Ar-Sel-012,ArmoredVehicle,SelfPropelledHowitzer,11/1/2025,1624,119,2834,0.54,7,Coastal,251,84.22075848,3106.07545,78.7713498,59.28689229,25.51525073,1,0
Ar-Sel-013,ArmoredVehicle,SelfPropelledHowitzer,7/14/2025,351,119,3133,0.94,5,Desert,42,90.19580463,2759.999986,99.19451409,57.71384453,24.33773185,1,0
Ar-Sel-014,ArmoredVehicle,SelfPropelledHowitzer,7/4/2025,436,75,2505,1.91,18,HighAltitude,389,90.46496649,2265.014009,69.36958918,72.44218385,25.32844,1,0
Ar-Sel-015,ArmoredVehicle,SelfPropelledHowitzer,7/28/2025,423,71,2591,1.03,-5,Arctic,306,167.6658086,3727.436355,60.61703074,70.69050349,26.67501463,0,18
Ar-Sel-016,ArmoredVehicle,SelfPropelledHowitzer,5/5/2025,2342,103,2673,1.53,0,Temperate,137,95.16968981,2986.247884,63.16335751,71.73381346,24.52661404,0,3
Ar-Sel-017,ArmoredVehicle,SelfPropelledHowitzer,7/4/2025,1030,85,3238,1.44,28,Arctic,100,118.6792449,2270.979051,60.33836847,69.78459892,27.04968032,0,28
Ar-Sel-018,ArmoredVehicle,SelfPropelledHowitzer,6/18/2025,1803,91,2940,1.72,45,Arctic,69,95.0652927,3206.422537,94.76461478,73.95048712,23.06582363,0,11
Ar-Sel-019,ArmoredVehicle,SelfPropelledHowitzer,5/30/2025,3010,114,3148,1.24,26,Temperate,166,106.4082953,3632.989031,79.64675649,55.69439118,25.38310305,1,0
Ar-Sel-020,ArmoredVehicle,SelfPropelledHowitzer,10/31/2025,2234,81,3198,1.65,-9,Coastal,362,81.44725945,3595.371042,101.5640904,53.4579336,27.08672758,1,0
Ar-Sel-021,ArmoredVehicle,SelfPropelledHowitzer,7/29/2025,2756,101,2642,1.45,5,HighAltitude,337,73.12148517,2846.25591,78.8495409,72.45333604,25.58760313,0,18
Ar-Sel-022,ArmoredVehicle,SelfPropelledHowitzer,9/17/2025,3782,114,2928,1.32,40,HighAltitude,359,184.3252273,3073.811972,91.90901835,54.2490967,26.61372429,1,0
Ar-Sel-023,ArmoredVehicle,SelfPropelledHowitzer,12/3/2025,2722,92,2670,1.47,-8,Arctic,330,151.6207844,2799.235492,97.63413889,98.28583889,24.58273326,1,0
Ar-Sel-024,ArmoredVehicle,SelfPropelledHowitzer,5/13/2025,909,102,3264,1.28,27,Arctic,113,116.8667827,2782.268337,98.61711162,79.42949783,25.00279469,0,1
Ar-Sel-025,ArmoredVehicle,SelfPropelledHowitzer,9/5/2025,428,88,2925,1.88,-5,Desert,373,71.25127652,2623.780688,82.76663176,60.34336631,24.89755599,1,0
Ar-Sel-026,ArmoredVehicle,SelfPropelledHowitzer,9/1/2025,399,98,3239,1.55,10,Desert,153,56.7024579,3421.55798,61.12925576,67.15389738,22.65617609,0,30
Ar-Sel-027,ArmoredVehicle,SelfPropelledHowitzer,5/5/2025,2113,81,3065,0.74,25,Coastal,236,84.77833211,2810.094873,69.22258876,82.02394383,24.59280671,1,0
Ar-Sel-028,ArmoredVehicle,SelfPropelledHowitzer,11/11/2025,3617,82,2960,1.39,14,Desert,360,82.21941576,2556.689661,95.18798717,89.80040255,25.46408743,0,18
Ar-Sel-029,ArmoredVehicle,SelfPropelledHowitzer,4/6/2025,1498,90,2701,1.19,6,Coastal,270,194.88746,2626.80822,79.43196305,69.62720029,22.68539244,0,15
Ar-Sel-030,ArmoredVehicle,SelfPropelledHowitzer,11/13/2025,706,113,3222,1.7,29,Arctic,43,150.8165123,2626.37149,71.92863632,55.8474452,24.23983643,1,0
Ar-Sel-031,ArmoredVehicle,SelfPropelledHowitzer,3/14/2025,2092,94,2928,1.39,26,Coastal,216,77.86305489,3271.003284,94.67164633,82.26300475,27.99939732,0,16
Ar-Sel-032,ArmoredVehicle,SelfPropelledHowitzer,5/28/2025,574,81,2822,1.76,29,Desert,183,192.7762926,2969.217839,69.75642458,69.19720879,25.36949246,0,14
Ar-Sel-033,ArmoredVehicle,SelfPropelledHowitzer,12/17/2025,2014,96,3227,1.76,21,Temperate,42,134.8096699,3591.761779,71.02647531,51.63475434,23.3490605,0,25
Ar-Sel-034,ArmoredVehicle,SelfPropelledHowitzer,8/23/2025,2316,117,3291,1.65,25,Arctic,57,135.9071081,2535.777819,87.1553091,99.544681,25.25226027,1,0
Ar-Sel-035,ArmoredVehicle,SelfPropelledHowitzer,1/22/2025,3112,116,2951,1.32,17,Desert,376,174.5106075,3502.690989,74.88544676,99.96563346,24.69839406,1,0
Ar-Sel-036,ArmoredVehicle,SelfPropelledHowitzer,6/28/2025,3531,75,2949,1.8,-3,Temperate,107,171.6054075,3175.847794,77.53154206,85.53769797,25.79662379,0,5
Ar-Sel-037,ArmoredVehicle,SelfPropelledHowitzer,4/16/2025,3332,83,3324,0.59,12,Arctic,143,139.5286529,2336.754729,108.9500078,64.6317349,25.43641348,1,0
Ar-Sel-038,ArmoredVehicle,SelfPropelledHowitzer,9/21/2025,3687,113,3334,0.64,38,Coastal,30,198.8729338,3734.095181,66.34440843,93.30393975,23.49806345,1,0
Ar-Sel-039,ArmoredVehicle,SelfPropelledHowitzer,12/31/2025,1319,85,3279,1.77,15,Coastal,72,136.6138294,2537.434304,80.71125447,72.59958613,25.80176658,0,3
Ar-Sel-040,ArmoredVehicle,SelfPropelledHowitzer,7/26/2025,2111,117,2784,1.54,13,Coastal,249,99.09339202,2004.94617,98.70676452,86.63620133,26.38559162,1,0
Ar-Sel-041,ArmoredVehicle,SelfPropelledHowitzer,8/23/2025,2600,112,3214,1.04,-6,Arctic,203,82.67449025,2859.286201,70.59257332,63.42684192,26.9700617,1,0
Ar-Sel-042,ArmoredVehicle,SelfPropelledHowitzer,6/22/2025,2241,106,2633,1.35,21,HighAltitude,349,164.3381034,2091.885851,91.30897611,91.83510894,22.09768811,0,6
Ar-Sel-043,ArmoredVehicle,SelfPropelledHowitzer,8/14/2025,1869,70,3481,1.14,34,Temperate,332,95.27982566,3748.846739,103.8297519,54.66699923,24.1626123,1,0
Ar-Sel-044,ArmoredVehicle,SelfPropelledHowitzer,2/12/2025,1523,112,3425,1.47,-7,Coastal,320,95.82638673,3398.882743,71.70719207,82.77426142,26.22218824,1,0
Ar-Sel-045,ArmoredVehicle,SelfPropelledHowitzer,1/1/2025,874,100,2579,0.7,4,Arctic,348,116.7600315,2016.125138,77.1787075,56.02968931,27.16204176,0,16
Ar-Sel-046,ArmoredVehicle,SelfPropelledHowitzer,2/6/2025,937,94,2591,1.6,-4,Desert,160,105.1342534,2598.510655,79.13605249,90.66839619,27.24698377,0,22
Ar-Sel-047,ArmoredVehicle,SelfPropelledHowitzer,3/15/2025,280,103,3076,0.51,31,Temperate,225,102.6781578,2426.110903,97.41344182,95.99470623,25.69645608,0,7
Ar-Sel-048,ArmoredVehicle,SelfPropelledHowitzer,2/14/2025,3672,76,2643,1.63,27,Coastal,179,194.4873066,2629.007336,66.99150944,63.84838285,22.5054923,0,20
Ar-Sel-049,ArmoredVehicle,SelfPropelledHowitzer,11/8/2025,1167,119,3463,1.54,44,HighAltitude,105,127.6623692,3019.045132,97.39218205,64.77710256,22.32741479,1,0
Ar-Sel-050,ArmoredVehicle,SelfPropelledHowitzer,5/3/2025,2027,94,2615,0.86,30,Arctic,36,129.2429751,3955.393896,109.3441266,96.69622008,22.79189728,1,0
Ar-Sel-051,ArmoredVehicle,SelfPropelledHowitzer,10/19/2025,1723,93,3059,1.52,38,Coastal,394,60.9487761,3174.726994,60.68967129,60.78714693,27.53547573,0,13
Ar-Sel-052,ArmoredVehicle,SelfPropelledHowitzer,9/17/2025,1173,110,3229,1.25,16,Coastal,359,110.3416116,3281.074577,86.88276791,57.63402219,22.50158244,1,0
Ar-Sel-053,ArmoredVehicle,SelfPropelledHowitzer,4/15/2025,3990,79,3049,0.99,27,Desert,158,154.8013822,3459.916755,102.3234058,52.8952972,22.51727679,1,0
Ar-Sel-054,ArmoredVehicle,SelfPropelledHowitzer,8/11/2025,475,99,3126,1.41,9,Temperate,61,51.89974573,2274.423595,60.56753016,74.82064663,24.08023077,0,27
Ar-Sel-055,ArmoredVehicle,SelfPropelledHowitzer,5/13/2025,683,93,2629,1.62,45,HighAltitude,375,182.962214,3542.860581,61.46781256,90.35539233,23.63188357,1,0
Ar-Sel-056,ArmoredVehicle,SelfPropelledHowitzer,12/31/2025,3993,106,3142,0.62,19,Arctic,184,58.31586663,3718.719565,68.34406963,57.86549906,26.63997372,0,22
Ar-Sel-057,ArmoredVehicle,SelfPropelledHowitzer,3/1/2025,935,117,3021,0.5,44,Desert,125,56.89722948,2727.952993,106.0113273,58.94804669,27.76205287,1,0
Ar-Sel-058,ArmoredVehicle,SelfPropelledHowitzer,1/19/2025,2264,115,3258,1.48,4,HighAltitude,127,112.4384898,3440.575843,73.5628979,53.8943535,24.236849,1,0
Ar-Sel-059,ArmoredVehicle,SelfPropelledHowitzer,9/15/2025,2757,73,2683,0.83,23,Desert,205,60.33896567,2930.188356,74.11534353,92.24232521,23.96380553,0,1
Ar-Sel-060,ArmoredVehicle,SelfPropelledHowitzer,7/8/2025,821,88,3077,1.68,37,Arctic,124,119.5890036,3183.38187,84.66803379,88.63066315,23.17253454,0,25
Ar-Sel-061,ArmoredVehicle,SelfPropelledHowitzer,5/6/2025,616,70,3454,1.12,4,Arctic,177,145.3912759,3386.921613,60.479741,66.75086841,26.55357492,0,24
Fi-F16-000,FighterJet,F16,6/7/2025,425,552,3542,3.47,16,Coastal,30,195.8838854,2284.74697,73.99126354,52.19501329,23.38883544,1,0
Fi-F16-001,FighterJet,F16,9/24/2025,1691,595,3469,3.46,-5,Arctic,48,125.8141646,3274.43136,79.71756446,79.59478817,22.37369718,1,0
Fi-F16-002,FighterJet,F16,12/6/2025,3949,533,3242,2.44,44,HighAltitude,201,155.1088409,3470.705738,75.90288596,63.59779359,22.44812461,1,0
Fi-F16-003,FighterJet,F16,4/14/2025,557,649,3111,2.23,0,Coastal,238,97.10499317,2241.473474,77.9143723,88.51683744,24.71150246,1,0
Fi-F16-004,FighterJet,F16,8/26/2025,1085,530,3092,2.24,33,HighAltitude,360,154.5316975,2080.659616,101.7962375,66.38968294,22.54727742,1,0
Fi-F16-005,FighterJet,F16,5/8/2025,3966,591,3405,2.77,33,HighAltitude,133,173.0134424,2347.735465,107.6048303,92.73006523,25.33572257,1,0
Fi-F16-006,FighterJet,F16,10/9/2025,1023,524,3473,2.15,40,Temperate,62,51.79353848,3660.744664,109.1283619,56.53576188,26.94204049,1,0
Fi-F16-007,FighterJet,F16,7/10/2025,2811,521,3596,2.88,42,Desert,11,199.5742139,2395.500673,92.29934478,90.46493326,22.55187183,1,0
Fi-F16-008,FighterJet,F16,6/19/2025,501,510,3964,2.69,0,Arctic,221,173.2528102,2789.997376,61.47411465,84.16064584,23.03684327,1,0
Fi-F16-009,FighterJet,F16,4/20/2025,3720,547,3281,2.42,-1,Desert,314,142.8764823,2491.569558,74.75525815,70.59961031,25.30413199,1,0
Fi-F16-010,FighterJet,F16,2/1/2025,359,571,3392,2.21,2,Arctic,127,144.6131583,3604.336166,99.74231222,99.47018079,26.6914946,1,0
Fi-F16-011,FighterJet,F16,7/3/2025,1964,639,3800,2.73,26,Arctic,164,108.2571912,2359.631747,75.94387837,60.9510094,27.37458869,1,0
Fi-F16-012,FighterJet,F16,5/24/2025,239,620,3542,2.54,27,Temperate,81,65.0201506,3313.728843,73.32635005,90.81425808,27.5035569,1,0
Fi-F16-013,FighterJet,F16,1/29/2025,3129,556,3589,3.27,41,Coastal,181,190.2809048,3983.083842,68.68560157,61.82755664,23.90802621,1,0
Fi-F16-014,FighterJet,F16,12/24/2025,1469,507,3720,3.05,26,Arctic,72,134.4663336,2376.46733,109.4003105,94.08131799,24.95336034,1,0
Fi-F16-015,FighterJet,F16,6/8/2025,719,625,3038,2.14,4,Arctic,112,52.98919848,2955.977976,76.58669968,80.70673838,26.83867248,1,0
Fi-F16-016,FighterJet,F16,6/24/2025,2936,545,3940,3.2,45,HighAltitude,30,53.28693444,3173.21835,105.8612074,88.71832494,27.07888533,1,0
Fi-F16-017,FighterJet,F16,7/6/2025,3934,518,3382,3.06,32,Coastal,300,65.15482553,2603.530307,66.82258344,57.8751943,27.69216119,1,0
Fi-F16-018,FighterJet,F16,11/24/2025,3934,624,3664,2.48,35,Arctic,355,183.4400325,3227.417972,77.84127735,83.27658347,26.88672542,1,0
Fi-F16-019,FighterJet,F16,7/13/2025,1256,575,3130,2.27,-10,Arctic,200,177.6135448,3541.660785,88.37413774,59.1040878,23.90930147,1,0
Fi-F16-020,FighterJet,F16,11/10/2025,904,644,3106,3.41,-1,HighAltitude,381,61.67099577,2693.620249,75.97593396,81.80933851,27.77847775,1,0
Fi-F16-021,FighterJet,F16,12/29/2025,2744,585,3457,2.02,3,Temperate,354,60.16921701,2513.315883,65.40173006,50.06405787,24.31562259,1,0
Fi-F16-022,FighterJet,F16,8/3/2025,3969,542,3905,2.62,14,HighAltitude,279,106.3021356,3657.613955,99.43649972,78.90277455,26.54946126,1,0
Fi-F16-023,FighterJet,F16,4/26/2025,666,615,3075,3.2,-8,HighAltitude,10,97.80753619,3903.324263,63.71002009,58.50526016,24.2527473,1,0
Fi-F16-024,FighterJet,F16,2/8/2025,2240,523,3346,2.89,29,Coastal,360,54.64898061,3884.884516,68.24985974,94.48766352,22.94262266,1,0
Fi-F16-025,FighterJet,F16,2/21/2025,1356,552,3997,2.28,34,Arctic,369,188.83604,3080.250863,93.02989464,64.87003238,22.57549553,1,0
Fi-F16-026,FighterJet,F16,7/21/2025,2341,640,3860,2.74,-7,HighAltitude,1,114.1408936,2589.098898,93.1010113,80.0107764,23.1980488,1,0
Fi-F16-027,FighterJet,F16,1/14/2025,847,543,3653,2.44,-5,Coastal,59,96.25301002,2794.934697,84.45484061,83.05200274,22.54682127,1,0
Fi-F16-028,FighterJet,F16,10/6/2025,1587,547,3379,3.33,13,Temperate,228,56.6925387,2879.480846,73.17004048,91.85393761,25.38547953,1,0
Fi-F16-029,FighterJet,F16,3/19/2025,3081,524,3087,3,41,Arctic,211,195.6058306,3179.452885,87.68009531,92.03985832,26.91043129,1,0
Fi-F16-030,FighterJet,F16,8/3/2025,3955,637,3703,3.3,20,Arctic,120,121.4393422,2157.9101,105.1388601,85.71528496,25.01260882,1,0
Fi-F16-031,FighterJet,F16,9/22/2025,3278,646,3693,3.47,-1,Desert,387,117.3559604,3898.122966,68.35823937,60.59450798,23.1563565,1,0
Fi-F16-032,FighterJet,F16,1/22/2025,1734,520,3699,2.65,42,Temperate,304,88.682954,3821.608971,105.7086968,53.35059765,24.32859492,1,0
Fi-F16-033,FighterJet,F16,7/23/2025,2261,583,3877,2.41,19,Desert,358,143.4586893,3045.124021,80.97969171,70.72211994,22.88919845,1,0
Fi-F16-034,FighterJet,F16,10/29/2025,2386,525,3947,2.16,39,Desert,146,180.1212902,3760.271569,103.8946781,63.20683151,25.92872602,1,0
Fi-F16-035,FighterJet,F16,10/20/2025,2494,621,3038,2.26,15,Temperate,316,141.2982896,3387.322506,61.93912662,94.4787107,23.98896445,1,0
Fi-F16-036,FighterJet,F16,5/2/2025,201,621,3942,2.4,13,Desert,172,172.6078888,2606.109907,74.01733266,74.58096067,26.17709707,1,0
Fi-F16-037,FighterJet,F16,2/20/2025,3983,558,3137,2.45,37,Coastal,396,173.8734998,2538.839962,80.83863639,82.27774057,23.12761415,1,0
Fi-F16-038,FighterJet,F16,4/19/2025,3741,604,3758,2.73,23,HighAltitude,28,127.2904554,2317.944885,75.55615466,75.33976376,22.81389893,1,0
Fi-F16-039,FighterJet,F16,9/26/2025,3601,645,3029,2.26,43,Temperate,29,87.4235392,2912.897334,105.9015535,85.23169726,23.64386499,1,0
Fi-F16-040,FighterJet,F16,8/26/2025,2068,601,3650,3.38,33,Desert,123,105.8700142,3188.087187,68.87918471,93.5240386,25.52128149,1,0
Fi-F16-041,FighterJet,F16,6/29/2025,1410,541,3857,3.34,37,Desert,145,54.11757348,2099.302086,102.6910663,88.99150676,23.28591152,1,0
Fi-F16-042,FighterJet,F16,4/24/2025,2651,557,3693,2.31,31,Coastal,262,53.00785362,3560.607329,98.37863642,50.4448993,27.46909263,1,0
Fi-F16-043,FighterJet,F16,11/28/2025,709,502,3229,2.38,41,HighAltitude,364,195.0536665,3285.480623,81.19034003,68.82377261,24.0922552,1,0
Fi-F16-044,FighterJet,F16,5/10/2025,893,619,3309,3.02,42,Arctic,203,137.6730734,2014.695145,109.971469,98.32427272,27.03627052,1,0
Fi-F16-045,FighterJet,F16,10/15/2025,2651,572,3305,3.03,20,Desert,172,198.2541449,3281.189491,103.07458,63.0573454,26.26656265,1,0
Fi-F16-056,FighterJet,F16,5/29/2025,1867,633,3610,2.79,17,Temperate,175,199.4208372,2980.357369,97.50577911,58.24417544,27.44136542,1,0
Fi-F16-057,FighterJet,F16,7/26/2025,78,558,3229,3.09,-2,Temperate,375,53.28699081,3009.267109,66.15809909,85.5555045,26.75276293,1,0
Fi-F16-058,FighterJet,F16,7/12/2025,3590,565,3789,2.8,-7,Arctic,24,149.2954874,3307.135237,60.98708833,84.48748742,24.50065339,1,0
Fi-F16-059,FighterJet,F16,7/14/2025,506,640,3258,2.71,-1,Temperate,355,152.8610043,2018.609096,81.04357282,55.04899236,25.12185541,1,0
Fi-F16-060,FighterJet,F16,11/15/2025,2480,535,3428,3.25,-4,Arctic,368,142.6546933,2565.413536,99.23800331,74.88695316,25.65401086,1,0
Fi-F16-061,FighterJet,F16,5/15/2025,3405,633,3996,2.3,35,Coastal,151,74.05603979,3096.277527,105.5178314,84.41019577,24.88398366,1,0
Fi-F18-000,FighterJet,F18,5/1/2025,11,503,3687,2.13,-3,Arctic,342,124.1156043,3898.892031,98.97631113,53.75241068,26.34145749,1,0
Fi-F18-001,FighterJet,F18,5/12/2025,2639,559,3467,3.48,8,HighAltitude,237,57.51202937,3626.356828,103.7070225,92.61243429,24.16128798,1,0
Fi-F18-002,FighterJet,F18,12/13/2025,1280,609,3756,2.17,44,Desert,4,177.7998088,3326.710055,68.52561382,67.87637021,24.6262871,1,0
Fi-F18-003,FighterJet,F18,11/15/2025,1098,523,3381,3.22,1,Desert,205,110.0375339,2913.077373,101.7854173,84.49512156,24.86947007,1,0
Fi-F18-004,FighterJet,F18,8/4/2025,2657,542,3115,2.2,36,Desert,81,65.55696586,3822.453523,84.13374253,78.44717155,24.62897683,1,0
Fi-F18-005,FighterJet,F18,11/9/2025,1555,591,3626,2.04,33,Temperate,247,188.0596978,2225.874959,80.56421319,52.29861627,23.5696772,1,0
Fi-F18-006,FighterJet,F18,6/10/2025,50,634,3785,3.12,36,Arctic,114,196.6843336,3339.688716,76.91503209,76.15515876,26.20348111,1,0
Fi-F18-007,FighterJet,F18,2/18/2025,1772,563,3493,2.52,33,Coastal,76,175.8549532,3116.688473,109.3895812,52.72830576,25.8603923,1,0
Fi-F18-008,FighterJet,F18,3/22/2025,2070,620,3872,2.74,0,Desert,384,123.7471942,2481.783633,108.5072524,52.51753573,23.33623914,1,0
Fi-F18-009,FighterJet,F18,11/26/2025,1550,603,3836,2.35,19,Coastal,293,117.2147878,3713.178448,82.353406,55.9353426,24.98424009,1,0
Fi-F18-010,FighterJet,F18,12/1/2025,72,526,3413,2.62,25,Arctic,0,173.8863138,3583.56657,108.1585624,81.87690612,27.34066539,1,0
Fi-F18-011,FighterJet,F18,10/15/2025,847,616,3973,2.51,42,Desert,114,176.6476159,2663.945251,98.37081999,79.99755758,26.29994841,1,0
Fi-F18-012,FighterJet,F18,7/6/2025,2932,615,3116,2.15,32,Temperate,1,101.2035672,3659.767771,108.2216842,64.59917819,25.13191052,1,0
Fi-F18-013,FighterJet,F18,12/26/2025,435,511,3918,2.25,-2,Coastal,54,88.14339669,2391.842934,66.03729037,92.60971859,23.29353703,1,0
Fi-F18-014,FighterJet,F18,4/8/2025,2935,586,3110,3.14,-8,Arctic,63,165.821776,2901.009194,92.92283475,97.80951608,22.80781609,1,0
Fi-F18-015,FighterJet,F18,9/13/2025,17,635,3753,2.07,17,Arctic,247,188.6556311,3562.162994,105.5090743,84.59088563,23.04190162,1,0
Fi-F18-016,FighterJet,F18,3/7/2025,424,599,3673,2.9,10,Arctic,196,112.7997119,3217.987387,94.62577677,62.41193945,24.38721998,1,0
Fi-F18-024,FighterJet,F18,12/27/2025,2906,594,3773,2.88,37,Arctic,100,166.4220118,3928.579646,74.70888609,58.87129492,26.09595311,1,0
Fi-F18-025,FighterJet,F18,4/6/2025,3942,544,3752,2.77,14,Desert,219,91.86683695,2528.479191,68.04644249,92.3007098,22.03387082,1,0
Fi-F18-026,FighterJet,F18,8/27/2025,2906,539,3040,2.23,10,Arctic,26,166.0491425,3250.733325,102.1569991,65.05774092,26.73944909,1,0
Fi-F18-027,FighterJet,F18,10/9/2025,1466,518,3802,3.06,23,Temperate,94,128.0909431,3572.516479,67.96852463,77.15400775,24.4205024,1,0
Fi-F18-028,FighterJet,F18,6/28/2025,906,554,3679,2.5,13,HighAltitude,111,192.5462415,3236.561202,83.74285944,78.06673416,26.51280254,1,0
Fi-F18-029,FighterJet,F18,11/29/2025,36,529,3684,2.52,5,Arctic,318,86.57407458,2079.754497,104.2830079,69.06863038,26.77723951,1,0
Fi-F18-030,FighterJet,F18,2/28/2025,1580,565,3553,3.09,-9,Arctic,394,106.2437063,3605.633475,82.27784488,52.19258305,27.38968965,1,0
Fi-F18-031,FighterJet,F18,4/9/2025,1312,631,3084,3.42,0,Arctic,273,51.09958793,2130.943644,93.51675631,88.67911332,27.18970513,1,0
Fi-F18-032,FighterJet,F18,8/6/2025,3422,526,3210,2.81,34,Coastal,331,172.5131522,2144.240987,94.30217696,51.18764731,26.3012097,1,0
Fi-F18-033,FighterJet,F18,1/20/2025,358,518,3055,2.27,6,Arctic,36,136.2443441,2455.29127,72.93239795,69.40163018,25.78130359,1,0
Fi-F18-034,FighterJet,F18,8/10/2025,1295,504,3398,3.01,24,Desert,328,158.0428522,2126.475182,97.29755155,52.27584269,27.08950743,1,0
Fi-F18-035,FighterJet,F18,7/3/2025,3801,628,3108,2.43,33,HighAltitude,310,62.97578322,3530.548482,81.88380747,69.75566291,25.96433899,1,0
Fi-F18-036,FighterJet,F18,8/31/2025,640,636,3225,2.2,15,Arctic,151,194.0201398,2288.151075,93.86445228,95.70844582,26.77010273,1,0
Fi-F18-037,FighterJet,F18,11/28/2025,1528,502,3566,3.31,-1,Desert,21,50.75447586,3193.309775,86.85760243,97.34896946,23.82814691,1,0
Fi-F18-038,FighterJet,F18,6/26/2025,867,605,3927,2.97,22,Temperate,82,77.59890842,3233.769846,72.63708889,55.73112711,26.02586747,1,0
Fi-F18-039,FighterJet,F18,10/18/2025,3490,513,3871,3.13,25,Coastal,330,132.4496915,2581.305335,63.36813787,54.91012007,26.35353554,1,0
Fi-F18-040,FighterJet,F18,9/7/2025,3897,584,3365,2.19,31,Temperate,51,92.77057158,2139.617769,69.67492846,74.29306151,23.97007647,1,0
Fi-F18-041,FighterJet,F18,12/4/2025,1252,649,3156,2.85,13,HighAltitude,219,75.29592664,2626.429561,99.2830056,85.60995636,25.84503127,1,0
Fi-F18-042,FighterJet,F18,5/22/2025,3441,592,3137,3.02,11,Coastal,236,116.803696,3549.533923,84.34856912,55.44163181,25.87330962,1,0
Fi-F18-043,FighterJet,F18,2/11/2025,3447,571,3879,3.24,24,Temperate,134,160.0316926,3253.23777,96.37126836,94.60525923,27.09752364,1,0
Fi-F18-044,FighterJet,F18,11/20/2025,127,648,3592,2.61,27,Temperate,18,132.7390998,3086.938648,109.9364088,73.60519754,26.65118343,1,0
Fi-F18-045,FighterJet,F18,7/7/2025,1607,557,3912,3.16,36,HighAltitude,68,119.7051713,3020.823987,79.83925788,75.10836348,25.97607094,1,0
Fi-F18-046,FighterJet,F18,11/11/2025,2802,542,3775,2.77,18,Temperate,91,134.9535882,3131.625066,103.6097577,57.30995265,26.39202685,1,0
Fi-F18-047,FighterJet,F18,7/3/2025,165,556,3779,2.73,-6,HighAltitude,189,85.10280033,3337.1712,85.89426149,89.57302286,24.32855866,1,0
Fi-F18-048,FighterJet,F18,8/21/2025,3610,511,3040,3.47,10,Desert,360,195.2662101,3267.133964,73.67476576,87.09548535,25.47178861,1,0
Fi-F18-049,FighterJet,F18,10/19/2025,712,596,3669,2.57,27,Desert,264,87.73796153,3945.348217,71.14496273,70.29211013,26.90342059,1,0
Fi-F18-050,FighterJet,F18,6/26/2025,1994,623,3908,2.91,22,Temperate,225,74.84087336,2154.176451,92.17385012,60.57585521,23.12143405,1,0
Fi-F18-051,FighterJet,F18,7/5/2025,2465,530,3676,2.35,41,HighAltitude,368,67.00080463,3350.458853,83.95105817,79.53954494,25.8835554,1,0
Fi-F18-052,FighterJet,F18,7/30/2025,91,562,3044,2.19,27,Temperate,68,144.4310637,2078.38173,88.61346496,52.79560021,23.54955788,1,0
Fi-F18-053,FighterJet,F18,4/3/2025,2116,603,3613,3.45,30,Desert,368,159.1961473,3642.60662,107.3626934,60.82967089,25.63915539,1,0
Fi-F18-054,FighterJet,F18,8/30/2025,3552,623,3174,2.33,16,Arctic,73,169.1924105,3640.90636,69.09420759,82.9824375,23.58712419,1,0
Fi-F18-055,FighterJet,F18,12/18/2025,1403,616,3610,2.89,4,Coastal,197,69.83197977,2033.125255,86.13556715,95.46696115,26.10620699,1,0
Fi-F18-056,FighterJet,F18,3/18/2025,2480,524,3181,2.71,29,Arctic,19,181.6628957,3062.8599,97.61915755,54.65949829,25.95635567,1,0
Fi-F18-057,FighterJet,F18,11/5/2025,2208,500,3918,3.41,33,Coastal,267,113.102603,3749.648601,94.88214036,71.44781322,27.63052977,1,0
Fi-F18-058,FighterJet,F18,9/4/2025,3234,597,3358,2.88,37,Arctic,50,113.8234095,2509.036056,98.29294452,95.50426783,22.50290549,1,0
Fi-F18-059,FighterJet,F18,11/3/2025,3591,639,3418,2.39,-10,Desert,295,128.3810945,3039.523691,78.75149409,60.27093481,26.82572292,1,0
Fi-F18-060,FighterJet,F18,7/29/2025,1483,527,3158,2.64,27,HighAltitude,133,178.2465389,2847.123095,78.28220472,63.77802714,26.08363423,1,0
Fi-F18-061,FighterJet,F18,4/15/2025,1692,641,3802,2.84,1,HighAltitude,286,133.2367034,2507.555291,75.33265433,67.21781521,26.23296765,1,0
Fi-Su3-000,FighterJet,Su35,3/12/2025,3502,530,3765,2.34,40,Temperate,51,82.16872123,2801.121813,76.92189232,77.52881073,26.18234445,1,0
Fi-Su3-001,FighterJet,Su35,12/28/2025,213,541,3398,3.45,-10,Desert,74,120.750299,3200.490884,64.40703447,63.1545999,24.22501076,1,0
Fi-Su3-002,FighterJet,Su35,11/8/2025,154,598,3953,3.48,29,Arctic,146,156.7408748,3194.945128,107.2857929,91.01143672,25.84174789,1,0
Fi-Su3-003,FighterJet,Su35,8/13/2025,43,551,3870,2.99,41,Arctic,146,79.21197418,3567.918891,85.52739252,84.92248663,25.69113991,1,0
Fi-Su3-004,FighterJet,Su35,12/12/2025,147,592,3244,2.98,0,Desert,141,166.9509318,2706.255327,79.75715585,79.30400826,25.10645621,1,0
Fi-Su3-005,FighterJet,Su35,12/27/2025,281,523,3562,2.43,43,Arctic,298,102.2142872,3926.57533,73.82539243,80.3181704,23.16715116,1,0
Fi-Su3-006,FighterJet,Su35,7/26/2025,2354,501,3267,2.26,22,Desert,286,60.85789558,2588.503649,107.3507733,90.14711213,27.7402561,1,0
Fi-Su3-007,FighterJet,Su35,10/3/2025,3330,647,3256,3.04,14,Arctic,247,165.4950789,3514.94657,108.0619363,72.94242147,24.76432265,1,0
Fi-Su3-008,FighterJet,Su35,10/28/2025,3530,507,3493,2.17,-6,Coastal,324,168.2984028,2440.764646,95.05880506,90.00806969,24.47455583,1,0
Fi-Su3-009,FighterJet,Su35,6/30/2025,2115,637,3009,3.05,6,Temperate,147,63.95141452,3347.395834,101.0537345,53.80144103,27.58837744,1,0
Fi-Su3-010,FighterJet,Su35,9/1/2025,1285,590,3223,3.34,7,Temperate,382,152.4660963,3819.854918,84.94996702,59.98332695,26.41257439,1,0
Fi-Su3-037,FighterJet,Su35,6/2/2025,813,592,3908,2.08,32,Temperate,57,85.39487567,2868.323301,60.75338526,89.71951987,25.50818116,1,0
Fi-Su3-038,FighterJet,Su35,7/22/2025,3232,562,3009,3.45,27,Coastal,352,139.4318426,2742.797327,64.47399514,57.88492281,22.54840931,1,0
Fi-Su3-039,FighterJet,Su35,11/13/2025,1386,515,3061,2.53,-1,Arctic,54,68.87411865,2465.349262,109.0837855,89.42809129,26.54018514,1,0
Fi-Su3-040,FighterJet,Su35,8/13/2025,3003,549,3021,3.03,12,Temperate,128,184.7994566,2970.604266,81.87500021,64.73572982,26.18222665,1,0
Fi-Su3-041,FighterJet,Su35,4/8/2025,2321,547,3556,2.52,36,Coastal,140,180.149276,3197.359888,103.028043,58.01717045,25.18682458,1,0
Fi-Su3-042,FighterJet,Su35,8/19/2025,1211,567,3554,2.55,-10,Arctic,194,160.0486612,3765.864745,90.98673033,68.20375986,25.72118388,1,0
Fi-Su3-043,FighterJet,Su35,6/14/2025,2953,516,3674,3.45,42,Coastal,97,128.6104653,2995.098319,87.57339036,80.65196212,23.93560024,1,0
Fi-Su3-044,FighterJet,Su35,11/25/2025,1319,528,3098,2.78,-6,Desert,66,76.79582001,2062.547508,65.35275842,59.58083201,22.1909029,1,0
Fi-Su3-045,FighterJet,Su35,11/25/2025,3425,599,3673,2.73,29,Arctic,131,57.36284409,2441.445568,95.89225973,50.65430549,27.52621126,1,0
Fi-Su3-046,FighterJet,Su35,12/2/2025,2012,520,3479,3.2,-7,HighAltitude,285,161.5216161,3780.86122,101.1013258,89.71247886,22.34980015,1,0
Fi-Su3-047,FighterJet,Su35,11/12/2025,1088,635,3041,3.1,43,HighAltitude,39,191.6905223,3921.173491,64.85596251,86.25859664,25.18996631,1,0
Fi-Su3-048,FighterJet,Su35,4/8/2025,791,634,3672,2.37,30,Temperate,285,162.3791537,2830.3692,65.27570909,81.93121499,24.1477802,1,0
Fi-Su3-049,FighterJet,Su35,8/23/2025,2877,609,3904,2.16,40,Temperate,281,110.233576,2675.025741,67.90882279,99.9216786,24.65807302,1,0
Fi-Su3-050,FighterJet,Su35,6/30/2025,3696,580,3563,3.49,10,HighAltitude,211,164.6276552,2861.176145,96.29338418,80.42066851,25.37886822,1,0
Fi-Su3-051,FighterJet,Su35,4/20/2025,1536,640,3948,3.12,13,Coastal,229,193.9736646,2000.391256,61.73314511,64.22410853,22.09781469,1,0
Fi-Su3-052,FighterJet,Su35,3/11/2025,3646,577,3006,2.45,4,Temperate,161,53.25520572,3643.879845,94.4859592,63.79785684,25.32197892,1,0
Fi-Su3-053,FighterJet,Su35,10/12/2025,2337,646,3158,2.14,19,HighAltitude,79,70.76122902,2734.165786,89.10778532,61.64970743,26.86644542,1,0
Fi-Su3-054,FighterJet,Su35,2/17/2025,2336,602,3582,3.38,36,Desert,370,98.70380811,2965.066346,84.41381992,94.95120484,26.21708737,1,0
Fi-Su3-055,FighterJet,Su35,2/18/2025,2438,576,3038,3.1,26,Coastal,40,167.0182862,3843.742993,76.71948222,93.98962513,24.60582638,1,0
Fi-Su3-056,FighterJet,Su35,3/3/2025,3562,558,3765,2.98,28,Desert,324,166.6127927,2764.973924,75.23916964,52.05911261,25.23957838,1,0
Fi-Su3-057,FighterJet,Su35,3/18/2025,1338,628,3714,2.33,-7,Coastal,228,162.9260305,3150.509708,64.50414763,71.59678351,26.71820979,1,0
Fi-Su3-058,FighterJet,Su35,3/17/2025,541,586,3084,2.71,37,Desert,280,109.8786949,2170.157975,85.09115578,88.69125683,22.78225105,1,0
Fi-Su3-059,FighterJet,Su35,3/11/2025,1969,643,3202,2.73,31,Arctic,100,134.1751415,3994.157534,86.21238911,62.11575459,23.59754254,1,0
Fi-Su3-060,FighterJet,Su35,8/9/2025,1324,647,3091,2.17,16,Coastal,187,102.2461785,2641.476726,89.69385745,51.21034152,23.82891309,1,0
Fi-Su3-061,FighterJet,Su35,6/29/2025,2524,613,3638,2.22,-8,Temperate,102,152.8038841,2311.982434,96.42433765,54.29072198,26.43748978,1,0
Fi-Mir-029,FighterJet,Mirage2000,3/2/2025,98,619,3640,3.2,37,Temperate,315,199.8480511,2828.082279,76.68961285,78.02077525,25.82502126,1,0
Fi-Mir-030,FighterJet,Mirage2000,1/6/2025,2623,551,3706,2.42,40,Desert,157,95.04259919,3099.987199,98.35163005,55.69183815,23.99969734,1,0
Fi-Mir-031,FighterJet,Mirage2000,7/22/2025,2967,645,3630,3.44,43,Temperate,99,99.57722481,2675.873711,93.62364787,95.80815266,26.7835263,1,0
Fi-Mir-032,FighterJet,Mirage2000,11/27/2025,556,623,3159,2.94,45,Arctic,171,119.3705113,3628.333247,106.3894988,52.80111426,25.12643935,1,0
Fi-Mir-033,FighterJet,Mirage2000,10/17/2025,2969,580,3568,2.8,3,Arctic,350,99.7578939,3832.372902,99.78913998,53.31065207,22.89582944,1,0
Fi-Mir-034,FighterJet,Mirage2000,1/16/2025,1389,596,3641,2.8,0,Arctic,310,108.4349411,3190.383734,103.2296845,87.57701043,26.2315971,1,0
Fi-Mir-035,FighterJet,Mirage2000,6/11/2025,2907,508,3278,2.62,21,Temperate,190,117.7859494,3901.4535,70.80699396,65.11591493,22.67338763,1,0
Fi-Mir-036,FighterJet,Mirage2000,1/20/2025,3185,551,3935,2.14,22,Desert,247,185.7433701,2308.155554,77.00579521,74.17359715,27.24327456,1,0
Fi-Mir-037,FighterJet,Mirage2000,6/8/2025,3176,583,3146,3.15,-4,Arctic,346,198.9080516,2410.37422,61.82762685,69.37941079,27.18886121,1,0
Fi-Mir-038,FighterJet,Mirage2000,3/1/2025,16,579,3954,2.07,44,Arctic,44,99.99346301,3778.371752,65.15514147,88.30900925,26.47332835,1,0
Fi-Mir-039,FighterJet,Mirage2000,1/12/2025,2365,579,3654,3.34,10,Temperate,98,92.98510657,3064.551612,98.63935487,83.5562021,23.63592524,1,0
Fi-Mir-040,FighterJet,Mirage2000,3/22/2025,1120,529,3015,3.44,25,Arctic,52,80.98660694,2700.636276,75.92424559,57.07784144,26.22612218,1,0
Fi-Mir-041,FighterJet,Mirage2000,5/26/2025,2351,562,3175,2.11,29,HighAltitude,276,116.5471458,2260.148004,83.53677895,83.77479689,22.63556151,1,0
Fi-Mir-042,FighterJet,Mirage2000,1/28/2025,352,609,3401,2.27,28,Arctic,322,175.4261606,3398.731,90.81576688,65.62203256,26.90465187,1,0
Fi-Mir-043,FighterJet,Mirage2000,12/10/2025,3314,636,3080,3.46,38,Coastal,290,69.76929206,3625.702035,105.9844521,73.41379527,24.73350502,1,0
Fi-Mir-044,FighterJet,Mirage2000,12/17/2025,2639,619,3481,2.35,4,Temperate,315,88.70791485,2726.898691,69.16765358,95.86322109,23.98196774,1,0
Fi-Mir-045,FighterJet,Mirage2000,6/16/2025,1856,624,3030,2.1,-3,HighAltitude,245,119.1862526,2341.60309,98.39707574,80.22201157,22.76436401,1,0
Fi-Mir-046,FighterJet,Mirage2000,2/22/2025,1661,527,3333,2.83,-6,HighAltitude,272,119.1462279,3181.071913,71.92876459,62.18455305,22.95412174,1,0
Fi-Mir-047,FighterJet,Mirage2000,9/4/2025,1572,516,3348,2.31,34,Arctic,220,167.6470965,2870.707416,99.36633853,77.22634401,23.41692591,1,0
Fi-Mir-048,FighterJet,Mirage2000,12/6/2025,2742,519,3757,3.4,26,Coastal,58,138.8244703,2925.816869,87.75438506,91.10115262,23.05704401,1,0
Fi-Mir-049,FighterJet,Mirage2000,7/27/2025,285,527,3701,3.22,39,Coastal,167,124.1442721,3320.329518,64.52665024,90.8516795,27.32356922,1,0
Fi-Mir-050,FighterJet,Mirage2000,11/22/2025,3317,500,3775,2.22,-1,Coastal,272,93.72548803,3231.144333,82.35798843,60.2830841,27.26455212,1,0
Fi-Mir-051,FighterJet,Mirage2000,6/3/2025,2335,577,3940,3.41,17,HighAltitude,45,137.4090467,3222.981512,85.52119397,92.38183727,27.11503108,1,0
Fi-Mir-052,FighterJet,Mirage2000,2/1/2025,1512,640,3991,2.08,35,Arctic,183,66.45474754,2564.418493,61.55923711,71.58577506,25.54098325,1,0
Fi-Mir-053,FighterJet,Mirage2000,11/17/2025,1303,597,3415,2.57,24,Temperate,339,76.01151594,2278.137731,87.77107894,92.16638354,24.16172733,1,0
Fi-Mir-054,FighterJet,Mirage2000,8/2/2025,631,573,3893,3.01,-2,Desert,36,147.2583864,2287.991773,104.2444341,82.89633484,27.84985016,1,0
Fi-Mir-055,FighterJet,Mirage2000,3/11/2025,346,535,3657,3.21,45,Coastal,356,140.6644269,2851.408342,68.98986885,75.47074572,25.31230018,1,0
Fi-Mir-056,FighterJet,Mirage2000,8/19/2025,1575,590,3231,2.28,28,Desert,295,124.7235445,3461.82676,95.60649995,63.46252241,27.55938671,1,0
Fi-Mir-057,FighterJet,Mirage2000,10/23/2025,1503,508,3038,2.85,35,HighAltitude,57,137.0403172,3923.475499,64.00315528,86.50927347,25.15844832,1,0
Fi-Mir-058,FighterJet,Mirage2000,5/24/2025,1904,632,3080,2.79,29,Desert,125,120.8677359,3483.372221,108.0205523,53.90409592,25.80212598,1,0
Fi-Mir-059,FighterJet,Mirage2000,10/24/2025,1279,513,3925,2.52,39,Desert,240,118.1052158,3812.110163,88.69826508,66.57569946,24.11748725,1,0
Fi-Mir-060,FighterJet,Mirage2000,5/31/2025,1184,542,3036,3.04,28,HighAltitude,372,167.7532333,2520.886273,91.4650027,78.90705435,25.43715997,1,0
Fi-Mir-061,FighterJet,Mirage2000,12/3/2025,1195,506,3293,2.73,-2,Arctic,39,177.7167884,2555.697594,66.62693814,64.04859657,27.1471503,1,0
Ar-Inf-062,ArmoredVehicle,InfantryFightingVehicle,2/7/2025,3866,91,3114,0.96,-4,Arctic,259,81.91082085,3313.472606,71.21224346,55.4109191,27.07224051,0,25
Ar-Inf-063,ArmoredVehicle,InfantryFightingVehicle,1/6/2025,385,118,3024,0.84,17,Coastal,175,74.61139138,2643.274739,77.2191446,97.0703712,25.57734263,1,0
